pregunta,respuesta
hola,hola
que tal,hola
"hola, buenos días",buenos días
hola buenas tardes,buenas tardes
hola buenas noches,buenas noches
¿cómo estás?,"bien, gracias"
¿qué tal?,todo bien
"hola, ¿cómo te va?","muy bien, gracias"
"hola, ¿qué haces?",nada importante
"buenas, ¿cómo estás?",bien aquí
"hola, ¿qué tal tu día?",fue muy productivo
buenas noches,buenas noches
"hola, ¿qué cuentas?",todo tranquilo
¡hola!,hola
"¡hey, cómo andas!",todo excelente
"buenos días, ¿cómo has estado?","muy bien, gracias"
"hola, amigo",un gusto saludarte
¡hola! ¿qué hay de nuevo?,¡qué alegría verte!
¿cómo va todo?,todo marcha bien
"hola, ¿qué tal tu semana?","me ha ido bien, gracias"
"hola, ¿cómo van las cosas?",van bien las cosas
"hola, ¿me recuerdas?","claro que sí, ¿cómo olvidarte?"
"¿cómo estás, amigo?","estoy bien, ¿y tú?"
"hola, un gusto verte",igualmente
¡hola de nuevo!,¡qué alegría verte de nuevo!
"hola, ¿cómo sigue todo?",todo está bien
"hola, ¿qué hay por acá?",hay muchas novedades
"buenas tardes, ¿cómo te encuentras?","bastante bien, gracias"
"hola, ¿qué tal tu familia?",todo va mejorando
¿cómo estuvo tu día?,fue un día interesante
"hola, espero que estés bien",igual para ti
"buenas, ¿cómo va todo?",aquí todo bien
necesito ayuda,"claro, ¿cómo puedo ayudarte?"
me puedes ayudar,dime qué necesitas
tengo un problema,estoy aquí para ayudarte
¿me puedes explicar algo?,"por supuesto, ¿qué quieres saber?"
¿puedes resolver mi duda?,"claro, ¿cuál es tu duda?"
no entiendo esto,déjame ayudarte con eso
quiero saber cómo hacer algo,te puedo ayudar con eso
tengo una consulta,dime tu consulta
"por favor, ayúdame","si, dime"
estoy atascado,"claro, cuéntame más"
no sé qué hacer,vamos a solucionarlo juntos
¿puedes guiarme?,te guiaré paso a paso
necesito tu apoyo,estoy aquí para apoyarte
¿puedes darme un consejo?,"por supuesto, aquí va mi consejo"
¿qué debo hacer en esta situación?,"primero, tranquilízate y vamos paso a paso"
¿puedes sugerir algo?,te sugiero que intentes esto
quiero aprender algo nuevo,¿qué necesitas que te explique?
tengo una pregunta específica,investiguemos juntos
¿qué me recomiendas hacer?,te sugiero lo siguiente
estoy buscando información,aquí tienes la información que buscas
¿cómo puedo resolver este problema?,prueba con esta solución
¿puedes decirme qué hacer?,espero que esto te ayude
"adiós, cuídate",nos vemos luego
nos vemos pronto,hasta entonces
hasta luego,nos vemos pronto
hasta mañana,igualmente
"buenas noches, que descanses",¡éxitos también para ti!
nos vemos más tarde,que tengas buen día
"adiós, que te vaya bien","hasta pronto, amigo"
hasta la próxima,"gracias, cuídate"
cuídate mucho,hasta luego
nos vemos después,¡adiós!
hasta pronto,adiós
bye,que tengas un buen día
chao,que descanses bien
que tengas buen día,que tengas buenas tardes
que tengas buena noche,nos vemos pronto
que tengas buena tarde,un placer hablar contigo
nos vemos al rato,cuídense mucho
"adiós, un gusto hablar contigo",¡hasta luego!
cuídense todos,nos vemos pronto
"adiós, ¡éxitos!",cuídalo también
"nos vemos pronto, amigo",espero verte otra vez
cuídalo bien,que estés bien
que tengas un buen día,"muchas gracias, igualmente"
hasta nunca,hasta siempre
hasta otra ocasión,nos vemos luego
te veo luego,"nos vemos, amigo"
"hasta pronto, amigo",que te cuides mucho
"cuídate, nos hablamos luego",espero verte luego
que te vaya bien,"hasta luego, amigo"
te espero pronto,"que estés bien, hasta la próxima"
"chao, un gusto verte",hasta entonces
nos vemos más adelante,espero que duermas bien
"buenas noches, descansa",igualmente
nos vemos el fin de semana,"si, con gusto"
hasta entonces,estamos en contacto
te hablo después,hablamos luego
"nos vemos, adiós",hasta la vista
buenas noches a todos,"nos vemos, un abrazo"
que duermas bien,descansa bien
"hasta pronto, cuídate",hasta pronto
gracias,de nada
muchas gracias,con gusto
gracias por tu ayuda,para eso estamos
te agradezco mucho,es un placer ayudarte
mil gracias,no hay de qué
gracias de corazón,siempre a la orden
agradezco tu apoyo,me alegra haberte ayudado
gracias por estar ahí,cuenta conmigo siempre
te lo agradezco enormemente,no es nada
infinitas gracias,es un gusto apoyarte
gracias por todo,para servirte
estoy muy agradecido,me alegro de haberte sido útil
gracias por tu tiempo,"no te preocupes, aquí estoy"
gracias por tu paciencia,siempre dispuesto a ayudar
gracias por explicarme,qué bueno que te sirvió
muchas gracias por tu apoyo,"¡de nada, para eso estamos!"
"gracias, en serio",espero que todo salga bien
gracias por tu consejo,gracias a ti por confiar en mí
"te debo una, gracias","lo que necesites, aquí estaré"
gracias por responder,"cuando quieras, vuelve a preguntar"
gracias por tu disposición,es un gusto ayudarte
gracias por tu amabilidad,estoy aquí para eso
gracias por la información,me alegra haberte podido ayudar
muchísimas gracias,espero que te sea útil
te estoy muy agradecido,"de nada, cualquier cosa me avisas"
hello,hello
how are you,hello
"hello, good morning",good morning
"hello, good afternoon",good afternoon
"hello, good evening",good evening
how are you doing,"i am good, thank you"
how is it going,all is well
"hello, how are you","very well, thank you"
"hello, what are you doing",nothing important
"good day, how are you",all good here
"hello, how was your day",it was very productive
good evening,good night
"hello, what is new",everything is calm
hello,hello
"hey, how have you been",everything is excellent
"good morning, how have you been","very well, thank you"
"hello, friend",it is a pleasure to greet you
"hello, what is new",what a joy to see you
how is everything going,everything is going well
"hello, how was your week","i have been well, thank you"
"hello, how are things going",things are going fine
"hello, do you remember me","of course, how could i forget you"
"how are you, friend","i am well, how about you"
"hello, it is nice to see you",the same to you
hello again,it is a joy to see you again
"hello, how is everything",everything is fine
"hello, what is happening here",there is a lot of news
"good afternoon, how are you","quite good, thank you"
"hello, how is your family",everything is improving
how was your day,it was an interesting day
"hello, i hope you are well",the same for you
"good day, how is everything",everything is good here
i need help,"of course, how can i assist you"
can you help me,tell me what you need
i have a problem,i am here to assist you
can you explain something to me,"of course, what would you like to know"
can you solve my question,"sure, what is your question"
i do not understand this,let me assist you with that
i want to know how to do something,i can assist you with that
i have a question,tell me your question
please help me,"yes, tell me"
i am stuck,"of course, tell me more"
i do not know what to do,let us solve it together
can you guide me,i will guide you step by step
i need your support,i am here to support you
can you give me advice,"of course, here is my advice"
what should i do in this situation,"first, calm down and let us go step by step"
can you suggest something,i suggest that you try this
i want to learn something new,what do you need me to explain
i have a specific question,let us investigate together
what do you recommend i do,i suggest the following
i am looking for information,here is the information you are looking for
how can i solve this problem,try this solution
can you tell me what to do,i hope this helps you
"goodbye, take care",see you later
see you soon,until then
see you later,see you soon
see you tomorrow,the same to you
"good night, rest well",best wishes to you as well
see you later,have a good day
"goodbye, have a great day","see you soon, friend"
see you next time,"thank you, take care"
take care,see you later
see you afterwards,goodbye
see you soon,goodbye
goodbye,have a great day
bye,rest well
have a good day,have a good afternoon
have a good night,see you soon
have a good afternoon,it was a pleasure talking to you
see you in a bit,"take care, everyone"
"goodbye, it was nice talking to you",see you later
"take care, everyone",see you soon
"goodbye, best wishes",take care of it too
"see you soon, friend",i hope to see you again
take care of it well,take care
have a great day,"thank you very much, the same to you"
goodbye forever,goodbye forever
until another time,see you later
i will see you later,"see you, friend"
"see you soon, friend",take care of yourself
"take care, we will talk later",i hope to see you later
hope it goes well,"see you later, friend"
i will wait for you soon,"take care, until next time"
"goodbye, nice to see you",until then
see you later,i hope you sleep well
"good evening, rest well",the same to you
see you on the weekend,"yes, gladly"
until then,we will stay in touch
i will talk to you later,we will talk later
"see you, goodbye",goodbye
"good night, everyone","see you, a hug"
sleep well,rest well
"see you soon, take care",see you soon
thank you,you are welcome
thank you very much,with pleasure
thank you for your help,that is what i am here for
i am very grateful,it is a pleasure to assist you
a thousand thanks,no problem
thanks from the heart,always at your service
i appreciate your support,i am glad i could assist
thank you for being there,you can always count on me
i greatly appreciate it,it is nothing
infinite thanks,it is a pleasure to support you
thank you for everything,at your service
i am very thankful,i am glad i could be helpful
thank you for your time,"do not worry, i am here"
thank you for your patience,always ready to assist
thank you for explaining,i am glad it was helpful
thank you very much for your support,"you are welcome, that is what i am here for"
"thank you, seriously",i hope everything goes well
thank you for your advice,thank you for trusting me
"i owe you one, thanks","whatever you need, i will be here"
thank you for answering,feel free to ask anytime
thank you for your willingness,it is a pleasure to assist you
thank you for your kindness,i am here for that
thank you for the information,i am glad i could assist
many thanks,i hope it is useful to you
i am very grateful,"you are welcome, let me know if you need anything else"
